--------------------------------------------------------
--  File created - Saturday-April-20-2019
--------------------------------------------------------
--------------------------------------------------------
--  DDL for Sequence ACCOUNT_NUMBER_GENERATOR_SEQ
--------------------------------------------------------

   CREATE SEQUENCE  "ADMIN"."ACCOUNT_NUMBER_GENERATOR_SEQ"  MINVALUE 1 MAXVALUE 9999999999999999999999999999 INCREMENT BY 50 START WITH 1001001 CACHE 20 NOORDER  NOCYCLE ;
--------------------------------------------------------
--  DDL for Sequence CUSTOMER_GENERATOR_SEQ
--------------------------------------------------------

   CREATE SEQUENCE  "ADMIN"."CUSTOMER_GENERATOR_SEQ"  MINVALUE 1 MAXVALUE 9999999999999999999999999999 INCREMENT BY 50 START WITH 1001001 CACHE 20 NOORDER  NOCYCLE ;
--------------------------------------------------------
--  DDL for Sequence HIBERNATE_SEQUENCE
--------------------------------------------------------

   CREATE SEQUENCE  "ADMIN"."HIBERNATE_SEQUENCE"  MINVALUE 1 MAXVALUE 9999999999999999999999999999 INCREMENT BY 1 START WITH 61 CACHE 20 NOORDER  NOCYCLE ;
--------------------------------------------------------
--  DDL for Table ACCOUNT
--------------------------------------------------------

  CREATE TABLE "ADMIN"."ACCOUNT"
   (	"ID" NUMBER(19,0),
	"ACCOUNT_TYPE" NUMBER(19,0),
	"BALANCE" FLOAT(126),
	"BANK_PRODUCT_ID" NUMBER(19,0),
	"BRANCH_ID" NUMBER(19,0),
	"CREATED_BY" NUMBER(19,0),
	"CREATED_DATE" DATE,
	"ENABLED" NUMBER(1,0),
	"UPDATED_BY" NUMBER(19,0),
	"UPDATED_DATE" DATE,
	"CUSTOMER_ID" NUMBER(19,0)
   ) SEGMENT CREATION IMMEDIATE
  PCTFREE 10 PCTUSED 40 INITRANS 1 MAXTRANS 255 NOCOMPRESS LOGGING
  STORAGE(INITIAL 65536 NEXT 1048576 MINEXTENTS 1 MAXEXTENTS 2147483645
  PCTINCREASE 0 FREELISTS 1 FREELIST GROUPS 1 BUFFER_POOL DEFAULT FLASH_CACHE DEFAULT CELL_FLASH_CACHE DEFAULT)
  TABLESPACE "SYSTEM" ;
--------------------------------------------------------
--  DDL for Table ACCOUNT_TRANSANCTION_HISTORY
--------------------------------------------------------

  CREATE TABLE "ADMIN"."ACCOUNT_TRANSANCTION_HISTORY"
   (	"ID" NUMBER(19,0),
	"CREDIT_AMOUNT" FLOAT(126),
	"DEBIT_AMOUNT" FLOAT(126),
	"FROM_ACCOUNT" VARCHAR2(255 CHAR),
	"REFERENCE" VARCHAR2(255 CHAR),
	"TO_ACCOUNT" VARCHAR2(255 CHAR),
	"TRANSANCTION_DATE" DATE,
	"TRANSANCTION_TYPE" VARCHAR2(255 CHAR),
	"ACCOUNT_ID" NUMBER(19,0)
   ) SEGMENT CREATION IMMEDIATE
  PCTFREE 10 PCTUSED 40 INITRANS 1 MAXTRANS 255 NOCOMPRESS LOGGING
  STORAGE(INITIAL 65536 NEXT 1048576 MINEXTENTS 1 MAXEXTENTS 2147483645
  PCTINCREASE 0 FREELISTS 1 FREELIST GROUPS 1 BUFFER_POOL DEFAULT FLASH_CACHE DEFAULT CELL_FLASH_CACHE DEFAULT)
  TABLESPACE "SYSTEM" ;
--------------------------------------------------------
--  DDL for Table ADDRESS
--------------------------------------------------------

  CREATE TABLE "ADMIN"."ADDRESS"
   (	"ID" NUMBER(19,0),
	"ADDRESS_TYPE" NUMBER(10,0),
	"CITY" VARCHAR2(30 CHAR),
	"CONTACT" VARCHAR2(30 CHAR),
	"COUNTRY" VARCHAR2(30 CHAR),
	"HOUSE_NO" VARCHAR2(50 CHAR),
	"POST_CODE" VARCHAR2(12 CHAR),
	"ROAD_NO" VARCHAR2(50 CHAR),
	"PROFILE_ID" NUMBER(19,0)
   ) SEGMENT CREATION IMMEDIATE
  PCTFREE 10 PCTUSED 40 INITRANS 1 MAXTRANS 255 NOCOMPRESS LOGGING
  STORAGE(INITIAL 65536 NEXT 1048576 MINEXTENTS 1 MAXEXTENTS 2147483645
  PCTINCREASE 0 FREELISTS 1 FREELIST GROUPS 1 BUFFER_POOL DEFAULT FLASH_CACHE DEFAULT CELL_FLASH_CACHE DEFAULT)
  TABLESPACE "SYSTEM" ;
--------------------------------------------------------
--  DDL for Table BANK_PRODUCT
--------------------------------------------------------

  CREATE TABLE "ADMIN"."BANK_PRODUCT"
   (	"ID" NUMBER(19,0),
	"PRODUCT_ACTIVE" NUMBER(1,0),
	"PRODUCT_CODE" VARCHAR2(255 CHAR),
	"PRODUCT_CREATION_DATE" DATE,
	"PRODUCT_DESC" VARCHAR2(255 CHAR),
	"PRODUCT_NAME" VARCHAR2(255 CHAR)
   ) SEGMENT CREATION IMMEDIATE
  PCTFREE 10 PCTUSED 40 INITRANS 1 MAXTRANS 255 NOCOMPRESS LOGGING
  STORAGE(INITIAL 65536 NEXT 1048576 MINEXTENTS 1 MAXEXTENTS 2147483645
  PCTINCREASE 0 FREELISTS 1 FREELIST GROUPS 1 BUFFER_POOL DEFAULT FLASH_CACHE DEFAULT CELL_FLASH_CACHE DEFAULT)
  TABLESPACE "SYSTEM" ;
--------------------------------------------------------
--  DDL for Table BENEFICIAR_ACCOUNT
--------------------------------------------------------

  CREATE TABLE "ADMIN"."BENEFICIAR_ACCOUNT"
   (	"ID" NUMBER(19,0),
	"RECEIVER_ACCOUNT" VARCHAR2(255 CHAR),
	"RECEIVER_ALIAS_NAME" VARCHAR2(255 CHAR),
	"RECEIVER_BANK_NAME" VARCHAR2(255 CHAR),
	"RECEIVER_BANK_ROUTING" VARCHAR2(255 CHAR),
	"RECEIVER_BRANCH_DISTRICT_NAME" VARCHAR2(255 CHAR),
	"RECEIVER_BRANCH_NAME" VARCHAR2(255 CHAR),
	"RECEIVER_IS_ON_SAME_BANK" NUMBER(1,0),
	"RECEIVER_NAME" VARCHAR2(255 CHAR),
	"CUSTOMER_ID" NUMBER(19,0)
   ) SEGMENT CREATION IMMEDIATE
  PCTFREE 10 PCTUSED 40 INITRANS 1 MAXTRANS 255 NOCOMPRESS LOGGING
  STORAGE(INITIAL 65536 NEXT 1048576 MINEXTENTS 1 MAXEXTENTS 2147483645
  PCTINCREASE 0 FREELISTS 1 FREELIST GROUPS 1 BUFFER_POOL DEFAULT FLASH_CACHE DEFAULT CELL_FLASH_CACHE DEFAULT)
  TABLESPACE "SYSTEM" ;
--------------------------------------------------------
--  DDL for Table BRANCH
--------------------------------------------------------

  CREATE TABLE "ADMIN"."BRANCH"
   (	"ID" NUMBER(19,0),
	"BRANCH_ADDRESS" VARCHAR2(255 CHAR),
	"BRANCH_CODE" VARCHAR2(255 CHAR),
	"BRANCH_CONTACT" VARCHAR2(255 CHAR),
	"BRANCH_NAME" VARCHAR2(255 CHAR),
	"BRANCH_ROUTING_NUMBER" VARCHAR2(255 CHAR)
   ) SEGMENT CREATION IMMEDIATE
  PCTFREE 10 PCTUSED 40 INITRANS 1 MAXTRANS 255 NOCOMPRESS LOGGING
  STORAGE(INITIAL 65536 NEXT 1048576 MINEXTENTS 1 MAXEXTENTS 2147483645
  PCTINCREASE 0 FREELISTS 1 FREELIST GROUPS 1 BUFFER_POOL DEFAULT FLASH_CACHE DEFAULT CELL_FLASH_CACHE DEFAULT)
  TABLESPACE "SYSTEM" ;
--------------------------------------------------------
--  DDL for Table CUSTOMER
--------------------------------------------------------

  CREATE TABLE "ADMIN"."CUSTOMER"
   (	"ID" NUMBER(19,0),
	"ACTIVE" NUMBER(1,0),
	"BRANCH_ID" NUMBER(19,0),
	"CREATED_BY" NUMBER(19,0),
	"CREATED_DATE" DATE,
	"LOCKED" NUMBER(1,0),
	"UPDATED_BY" NUMBER(19,0),
	"UPDATED_DATE" DATE,
	"PROFILE_ID" NUMBER(19,0)
   ) SEGMENT CREATION IMMEDIATE
  PCTFREE 10 PCTUSED 40 INITRANS 1 MAXTRANS 255 NOCOMPRESS LOGGING
  STORAGE(INITIAL 65536 NEXT 1048576 MINEXTENTS 1 MAXEXTENTS 2147483645
  PCTINCREASE 0 FREELISTS 1 FREELIST GROUPS 1 BUFFER_POOL DEFAULT FLASH_CACHE DEFAULT CELL_FLASH_CACHE DEFAULT)
  TABLESPACE "SYSTEM" ;
--------------------------------------------------------
--  DDL for Table PROFILE
--------------------------------------------------------

  CREATE TABLE "ADMIN"."PROFILE"
   (	"ID" NUMBER(19,0),
	"CREATED_BY" NUMBER(19,0),
	"CREATED_DATE" DATE,
	"DATE_OF_BIRTH" DATE,
	"DESIGNATION" VARCHAR2(40 CHAR),
	"EMAIL" VARCHAR2(255 CHAR),
	"FIRST_NAME" VARCHAR2(30 CHAR),
	"LAST_NAME" VARCHAR2(30 CHAR),
	"MOBILE_NUMBER" VARCHAR2(255 CHAR),
	"NATIONAL_ID" VARCHAR2(30 CHAR),
	"NATIONALITY" VARCHAR2(30 CHAR),
	"OCCUPATION" VARCHAR2(40 CHAR),
	"PASSPORT_ID" VARCHAR2(255 CHAR),
	"PROFILE_TYPE" NUMBER(10,0),
	"SEX" VARCHAR2(30 CHAR),
	"TIN_NUMBER" VARCHAR2(255 CHAR),
	"UPDATED_BY" NUMBER(19,0),
	"UPDATED_DATE" DATE
   ) SEGMENT CREATION IMMEDIATE
  PCTFREE 10 PCTUSED 40 INITRANS 1 MAXTRANS 255 NOCOMPRESS LOGGING
  STORAGE(INITIAL 65536 NEXT 1048576 MINEXTENTS 1 MAXEXTENTS 2147483645
  PCTINCREASE 0 FREELISTS 1 FREELIST GROUPS 1 BUFFER_POOL DEFAULT FLASH_CACHE DEFAULT CELL_FLASH_CACHE DEFAULT)
  TABLESPACE "SYSTEM" ;
--------------------------------------------------------
--  DDL for Table USER_ACCOUNT
--------------------------------------------------------

  CREATE TABLE "ADMIN"."USER_ACCOUNT"
   (	"ID" NUMBER(19,0),
	"DELETED" NUMBER(1,0),
	"EMAIL" VARCHAR2(255 CHAR),
	"ENABLED" NUMBER(1,0),
	"LOCKED" NUMBER(1,0),
	"PASSWORD" VARCHAR2(255 CHAR),
	"PROFILE_ID" NUMBER(19,0)
   ) SEGMENT CREATION IMMEDIATE
  PCTFREE 10 PCTUSED 40 INITRANS 1 MAXTRANS 255 NOCOMPRESS LOGGING
  STORAGE(INITIAL 65536 NEXT 1048576 MINEXTENTS 1 MAXEXTENTS 2147483645
  PCTINCREASE 0 FREELISTS 1 FREELIST GROUPS 1 BUFFER_POOL DEFAULT FLASH_CACHE DEFAULT CELL_FLASH_CACHE DEFAULT)
  TABLESPACE "SYSTEM" ;
--------------------------------------------------------
--  DDL for Table USER_ROLE
--------------------------------------------------------

  CREATE TABLE "ADMIN"."USER_ROLE"
   (	"ID" NUMBER(19,0),
	"ROLE_NAME" VARCHAR2(255 CHAR),
	"USER_ID" NUMBER(19,0)
   ) SEGMENT CREATION IMMEDIATE
  PCTFREE 10 PCTUSED 40 INITRANS 1 MAXTRANS 255 NOCOMPRESS LOGGING
  STORAGE(INITIAL 65536 NEXT 1048576 MINEXTENTS 1 MAXEXTENTS 2147483645
  PCTINCREASE 0 FREELISTS 1 FREELIST GROUPS 1 BUFFER_POOL DEFAULT FLASH_CACHE DEFAULT CELL_FLASH_CACHE DEFAULT)
  TABLESPACE "SYSTEM" ;
REM INSERTING into ADMIN.ACCOUNT
SET DEFINE OFF;
Insert into ADMIN.ACCOUNT (ID,ACCOUNT_TYPE,BALANCE,BANK_PRODUCT_ID,BRANCH_ID,CREATED_BY,CREATED_DATE,ENABLED,UPDATED_BY,UPDATED_DATE,CUSTOMER_ID) values (1000001,null,22200,101,101,null,null,1,null,null,1000001);
Insert into ADMIN.ACCOUNT (ID,ACCOUNT_TYPE,BALANCE,BANK_PRODUCT_ID,BRANCH_ID,CREATED_BY,CREATED_DATE,ENABLED,UPDATED_BY,UPDATED_DATE,CUSTOMER_ID) values (1000002,null,300,103,101,null,null,1,null,null,1000001);
Insert into ADMIN.ACCOUNT (ID,ACCOUNT_TYPE,BALANCE,BANK_PRODUCT_ID,BRANCH_ID,CREATED_BY,CREATED_DATE,ENABLED,UPDATED_BY,UPDATED_DATE,CUSTOMER_ID) values (1000052,null,0,101,101,null,null,0,null,null,1000001);
REM INSERTING into ADMIN.ACCOUNT_TRANSANCTION_HISTORY
SET DEFINE OFF;
Insert into ADMIN.ACCOUNT_TRANSANCTION_HISTORY (ID,CREDIT_AMOUNT,DEBIT_AMOUNT,FROM_ACCOUNT,REFERENCE,TO_ACCOUNT,TRANSANCTION_DATE,TRANSANCTION_TYPE,ACCOUNT_ID) values (27,1000,null,null,null,'101.101.1000001',to_date('18-04-2019','DD-MM-RRRR'),'Cash',1000001);
Insert into ADMIN.ACCOUNT_TRANSANCTION_HISTORY (ID,CREDIT_AMOUNT,DEBIT_AMOUNT,FROM_ACCOUNT,REFERENCE,TO_ACCOUNT,TRANSANCTION_DATE,TRANSANCTION_TYPE,ACCOUNT_ID) values (28,null,500,'101.101.1000001',null,'101.103.1000002',to_date('18-04-2019','DD-MM-RRRR'),'Send Money',1000001);
Insert into ADMIN.ACCOUNT_TRANSANCTION_HISTORY (ID,CREDIT_AMOUNT,DEBIT_AMOUNT,FROM_ACCOUNT,REFERENCE,TO_ACCOUNT,TRANSANCTION_DATE,TRANSANCTION_TYPE,ACCOUNT_ID) values (29,500,null,'101.101.1000001',null,'101.103.1000002',to_date('18-04-2019','DD-MM-RRRR'),'Send Money',1000002);
Insert into ADMIN.ACCOUNT_TRANSANCTION_HISTORY (ID,CREDIT_AMOUNT,DEBIT_AMOUNT,FROM_ACCOUNT,REFERENCE,TO_ACCOUNT,TRANSANCTION_DATE,TRANSANCTION_TYPE,ACCOUNT_ID) values (41,10000,null,null,null,'101.101.1000001',to_date('19-04-2019','DD-MM-RRRR'),'Cash',1000001);
Insert into ADMIN.ACCOUNT_TRANSANCTION_HISTORY (ID,CREDIT_AMOUNT,DEBIT_AMOUNT,FROM_ACCOUNT,REFERENCE,TO_ACCOUNT,TRANSANCTION_DATE,TRANSANCTION_TYPE,ACCOUNT_ID) values (42,500,null,null,null,'101.101.1000001',to_date('19-04-2019','DD-MM-RRRR'),'Cash',1000001);
Insert into ADMIN.ACCOUNT_TRANSANCTION_HISTORY (ID,CREDIT_AMOUNT,DEBIT_AMOUNT,FROM_ACCOUNT,REFERENCE,TO_ACCOUNT,TRANSANCTION_DATE,TRANSANCTION_TYPE,ACCOUNT_ID) values (43,10000,null,null,null,'101.101.1000001',to_date('19-04-2019','DD-MM-RRRR'),'Cash',1000001);
Insert into ADMIN.ACCOUNT_TRANSANCTION_HISTORY (ID,CREDIT_AMOUNT,DEBIT_AMOUNT,FROM_ACCOUNT,REFERENCE,TO_ACCOUNT,TRANSANCTION_DATE,TRANSANCTION_TYPE,ACCOUNT_ID) values (44,null,200,'101.103.1000002',null,'101.101.1000001',to_date('19-04-2019','DD-MM-RRRR'),'Send Money',1000002);
Insert into ADMIN.ACCOUNT_TRANSANCTION_HISTORY (ID,CREDIT_AMOUNT,DEBIT_AMOUNT,FROM_ACCOUNT,REFERENCE,TO_ACCOUNT,TRANSANCTION_DATE,TRANSANCTION_TYPE,ACCOUNT_ID) values (45,200,null,'101.103.1000002',null,'101.101.1000001',to_date('19-04-2019','DD-MM-RRRR'),'Send Money',1000001);
Insert into ADMIN.ACCOUNT_TRANSANCTION_HISTORY (ID,CREDIT_AMOUNT,DEBIT_AMOUNT,FROM_ACCOUNT,REFERENCE,TO_ACCOUNT,TRANSANCTION_DATE,TRANSANCTION_TYPE,ACCOUNT_ID) values (46,1000,null,null,null,'101.101.1000001',to_date('20-04-2019','DD-MM-RRRR'),'Cash',1000001);
REM INSERTING into ADMIN.ADDRESS
SET DEFINE OFF;
Insert into ADMIN.ADDRESS (ID,ADDRESS_TYPE,CITY,CONTACT,COUNTRY,HOUSE_NO,POST_CODE,ROAD_NO,PROFILE_ID) values (8,0,'Dhaka','+8801937595521','Bangladesh','465/28/B','1219','Ulon Road',1);
Insert into ADMIN.ADDRESS (ID,ADDRESS_TYPE,CITY,CONTACT,COUNTRY,HOUSE_NO,POST_CODE,ROAD_NO,PROFILE_ID) values (9,1,'Dhaka','+8801720523294','Bangladesh','Songchail','1219','Unknown',1);
Insert into ADMIN.ADDRESS (ID,ADDRESS_TYPE,CITY,CONTACT,COUNTRY,HOUSE_NO,POST_CODE,ROAD_NO,PROFILE_ID) values (10,0,'Dhaka','+8801937595521','Bangladesh','465/28/B','1219','Ulon Road',1);
Insert into ADMIN.ADDRESS (ID,ADDRESS_TYPE,CITY,CONTACT,COUNTRY,HOUSE_NO,POST_CODE,ROAD_NO,PROFILE_ID) values (11,1,'Dhaka','+8801720523294','Bangladesh','Songchail','1219','Unknown',1);
Insert into ADMIN.ADDRESS (ID,ADDRESS_TYPE,CITY,CONTACT,COUNTRY,HOUSE_NO,POST_CODE,ROAD_NO,PROFILE_ID) values (12,0,'Dhaka','+8801937595521','Bangladesh','465/28/B','1219','Ulon Road',1);
Insert into ADMIN.ADDRESS (ID,ADDRESS_TYPE,CITY,CONTACT,COUNTRY,HOUSE_NO,POST_CODE,ROAD_NO,PROFILE_ID) values (13,1,'Dhaka','+8801720523294','Bangladesh','Songchail','1219','Unknown',1);
Insert into ADMIN.ADDRESS (ID,ADDRESS_TYPE,CITY,CONTACT,COUNTRY,HOUSE_NO,POST_CODE,ROAD_NO,PROFILE_ID) values (14,0,'Dhaka','+8801937595521','Bangladesh','465/28/B','1219','Ulon Road',1);
Insert into ADMIN.ADDRESS (ID,ADDRESS_TYPE,CITY,CONTACT,COUNTRY,HOUSE_NO,POST_CODE,ROAD_NO,PROFILE_ID) values (15,1,'Dhaka','+8801720523294','Bangladesh','Songchail','1219','Unknown',1);
Insert into ADMIN.ADDRESS (ID,ADDRESS_TYPE,CITY,CONTACT,COUNTRY,HOUSE_NO,POST_CODE,ROAD_NO,PROFILE_ID) values (16,0,'Dhaka','+8801937595521','Bangladesh','465/28/B','1219','Ulon Road',1);
Insert into ADMIN.ADDRESS (ID,ADDRESS_TYPE,CITY,CONTACT,COUNTRY,HOUSE_NO,POST_CODE,ROAD_NO,PROFILE_ID) values (17,1,'Dhaka','+8801720523294','Bangladesh','Songchail','1219','Unknown',1);
Insert into ADMIN.ADDRESS (ID,ADDRESS_TYPE,CITY,CONTACT,COUNTRY,HOUSE_NO,POST_CODE,ROAD_NO,PROFILE_ID) values (18,0,'Dhaka','+8801937595521','Bangladesh','465/28/B','1219','Ulon Road',1);
Insert into ADMIN.ADDRESS (ID,ADDRESS_TYPE,CITY,CONTACT,COUNTRY,HOUSE_NO,POST_CODE,ROAD_NO,PROFILE_ID) values (19,1,'Dhaka','+8801720523294','Bangladesh','Songchail','1219','Unknown',1);
Insert into ADMIN.ADDRESS (ID,ADDRESS_TYPE,CITY,CONTACT,COUNTRY,HOUSE_NO,POST_CODE,ROAD_NO,PROFILE_ID) values (20,0,'Dhaka','+8801937595521','Bangladesh','465/28/B','1219','Ulon Road',1);
Insert into ADMIN.ADDRESS (ID,ADDRESS_TYPE,CITY,CONTACT,COUNTRY,HOUSE_NO,POST_CODE,ROAD_NO,PROFILE_ID) values (21,1,'Dhaka','+8801720523294','Bangladesh','Songchail','1219','Unknown',1);
Insert into ADMIN.ADDRESS (ID,ADDRESS_TYPE,CITY,CONTACT,COUNTRY,HOUSE_NO,POST_CODE,ROAD_NO,PROFILE_ID) values (22,2,'Dhaka','+8801557746060','Bangladesh','373/1234','1219','Shatmasjid Road',1);
Insert into ADMIN.ADDRESS (ID,ADDRESS_TYPE,CITY,CONTACT,COUNTRY,HOUSE_NO,POST_CODE,ROAD_NO,PROFILE_ID) values (23,0,'Dhaka','+8801937595521','Bangladesh','465/28/B','1219','Ulon Road',null);
Insert into ADMIN.ADDRESS (ID,ADDRESS_TYPE,CITY,CONTACT,COUNTRY,HOUSE_NO,POST_CODE,ROAD_NO,PROFILE_ID) values (24,1,'Dhaka','+8801720523294','Bangladesh','Songchail','1219','Unknown',null);
Insert into ADMIN.ADDRESS (ID,ADDRESS_TYPE,CITY,CONTACT,COUNTRY,HOUSE_NO,POST_CODE,ROAD_NO,PROFILE_ID) values (25,2,'Dhaka','+8801557746060','Bangladesh','373/1234','1219','Shatmasjid Road',null);
REM INSERTING into ADMIN.BANK_PRODUCT
SET DEFINE OFF;
REM INSERTING into ADMIN.BENEFICIAR_ACCOUNT
SET DEFINE OFF;
REM INSERTING into ADMIN.BRANCH
SET DEFINE OFF;
REM INSERTING into ADMIN.CUSTOMER
SET DEFINE OFF;
Insert into ADMIN.CUSTOMER (ID,ACTIVE,BRANCH_ID,CREATED_BY,CREATED_DATE,LOCKED,UPDATED_BY,UPDATED_DATE,PROFILE_ID) values (1000001,1,101,null,null,null,null,null,26);
REM INSERTING into ADMIN.PROFILE
SET DEFINE OFF;
Insert into ADMIN.PROFILE (ID,CREATED_BY,CREATED_DATE,DATE_OF_BIRTH,DESIGNATION,EMAIL,FIRST_NAME,LAST_NAME,MOBILE_NUMBER,NATIONAL_ID,NATIONALITY,OCCUPATION,PASSPORT_ID,PROFILE_TYPE,SEX,TIN_NUMBER,UPDATED_BY,UPDATED_DATE) values (1,null,null,to_date('27-12-1994','DD-MM-RRRR'),'Probanionary Officer (Software)','biswajit.sust@gmail.com','Biswajit','Debnath','1937595521','2355265656','Bangladesh','Private Service','BP123456',1,'Male','223424324243423432',null,to_date('20-04-2019','DD-MM-RRRR'));
Insert into ADMIN.PROFILE (ID,CREATED_BY,CREATED_DATE,DATE_OF_BIRTH,DESIGNATION,EMAIL,FIRST_NAME,LAST_NAME,MOBILE_NUMBER,NATIONAL_ID,NATIONALITY,OCCUPATION,PASSPORT_ID,PROFILE_TYPE,SEX,TIN_NUMBER,UPDATED_BY,UPDATED_DATE) values (5,null,to_date('18-04-2019','DD-MM-RRRR'),null,null,'biswa.dcc@gmail.com','Biswajit','Debnath','+8801557746060',null,null,null,null,1,null,null,null,to_date('18-04-2019','DD-MM-RRRR'));
Insert into ADMIN.PROFILE (ID,CREATED_BY,CREATED_DATE,DATE_OF_BIRTH,DESIGNATION,EMAIL,FIRST_NAME,LAST_NAME,MOBILE_NUMBER,NATIONAL_ID,NATIONALITY,OCCUPATION,PASSPORT_ID,PROFILE_TYPE,SEX,TIN_NUMBER,UPDATED_BY,UPDATED_DATE) values (26,null,to_date('18-04-2019','DD-MM-RRRR'),to_date('01-01-1970','DD-MM-RRRR'),'Probanionary Officer (Software)','biswajit.sust@gmail.com','Biswajit','Debnath','1937595521','2355265656','Bangladesh','Private Service','BP123456',0,'Male','223424324243423432',null,to_date('18-04-2019','DD-MM-RRRR'));
Insert into ADMIN.PROFILE (ID,CREATED_BY,CREATED_DATE,DATE_OF_BIRTH,DESIGNATION,EMAIL,FIRST_NAME,LAST_NAME,MOBILE_NUMBER,NATIONAL_ID,NATIONALITY,OCCUPATION,PASSPORT_ID,PROFILE_TYPE,SEX,TIN_NUMBER,UPDATED_BY,UPDATED_DATE) values (47,null,to_date('20-04-2019','DD-MM-RRRR'),null,null,'biswa.dcc@gmail.com','Biswajit','Debnath','+8801557746060',null,null,null,null,1,null,null,null,to_date('20-04-2019','DD-MM-RRRR'));
REM INSERTING into ADMIN.USER_ACCOUNT
SET DEFINE OFF;
Insert into ADMIN.USER_ACCOUNT (ID,DELETED,EMAIL,ENABLED,LOCKED,PASSWORD,PROFILE_ID) values (2,0,'biswajit.sust@gmail.com',1,0,'test',1);
Insert into ADMIN.USER_ACCOUNT (ID,DELETED,EMAIL,ENABLED,LOCKED,PASSWORD,PROFILE_ID) values (48,0,'biswa.dcc@gmail.com',0,0,'test',47);
REM INSERTING into ADMIN.USER_ROLE
SET DEFINE OFF;
Insert into ADMIN.USER_ROLE (ID,ROLE_NAME,USER_ID) values (3,'ADMIN',2);
Insert into ADMIN.USER_ROLE (ID,ROLE_NAME,USER_ID) values (4,'USER',2);
Insert into ADMIN.USER_ROLE (ID,ROLE_NAME,USER_ID) values (49,'USER',48);
--------------------------------------------------------
--  Constraints for Table ACCOUNT
--------------------------------------------------------

  ALTER TABLE "ADMIN"."ACCOUNT" ADD PRIMARY KEY ("ID")
  USING INDEX PCTFREE 10 INITRANS 2 MAXTRANS 255 COMPUTE STATISTICS
  STORAGE(INITIAL 65536 NEXT 1048576 MINEXTENTS 1 MAXEXTENTS 2147483645
  PCTINCREASE 0 FREELISTS 1 FREELIST GROUPS 1 BUFFER_POOL DEFAULT FLASH_CACHE DEFAULT CELL_FLASH_CACHE DEFAULT)
  TABLESPACE "SYSTEM"  ENABLE;
  ALTER TABLE "ADMIN"."ACCOUNT" MODIFY ("ENABLED" NOT NULL ENABLE);
  ALTER TABLE "ADMIN"."ACCOUNT" MODIFY ("ID" NOT NULL ENABLE);
--------------------------------------------------------
--  Constraints for Table ACCOUNT_TRANSANCTION_HISTORY
--------------------------------------------------------

  ALTER TABLE "ADMIN"."ACCOUNT_TRANSANCTION_HISTORY" ADD PRIMARY KEY ("ID")
  USING INDEX PCTFREE 10 INITRANS 2 MAXTRANS 255 COMPUTE STATISTICS
  STORAGE(INITIAL 65536 NEXT 1048576 MINEXTENTS 1 MAXEXTENTS 2147483645
  PCTINCREASE 0 FREELISTS 1 FREELIST GROUPS 1 BUFFER_POOL DEFAULT FLASH_CACHE DEFAULT CELL_FLASH_CACHE DEFAULT)
  TABLESPACE "SYSTEM"  ENABLE;
  ALTER TABLE "ADMIN"."ACCOUNT_TRANSANCTION_HISTORY" MODIFY ("ID" NOT NULL ENABLE);
--------------------------------------------------------
--  Constraints for Table CUSTOMER
--------------------------------------------------------

  ALTER TABLE "ADMIN"."CUSTOMER" ADD PRIMARY KEY ("ID")
  USING INDEX PCTFREE 10 INITRANS 2 MAXTRANS 255 COMPUTE STATISTICS
  STORAGE(INITIAL 65536 NEXT 1048576 MINEXTENTS 1 MAXEXTENTS 2147483645
  PCTINCREASE 0 FREELISTS 1 FREELIST GROUPS 1 BUFFER_POOL DEFAULT FLASH_CACHE DEFAULT CELL_FLASH_CACHE DEFAULT)
  TABLESPACE "SYSTEM"  ENABLE;
  ALTER TABLE "ADMIN"."CUSTOMER" MODIFY ("ID" NOT NULL ENABLE);
--------------------------------------------------------
--  Constraints for Table BANK_PRODUCT
--------------------------------------------------------

  ALTER TABLE "ADMIN"."BANK_PRODUCT" ADD PRIMARY KEY ("ID")
  USING INDEX PCTFREE 10 INITRANS 2 MAXTRANS 255 COMPUTE STATISTICS
  STORAGE(INITIAL 65536 NEXT 1048576 MINEXTENTS 1 MAXEXTENTS 2147483645
  PCTINCREASE 0 FREELISTS 1 FREELIST GROUPS 1 BUFFER_POOL DEFAULT FLASH_CACHE DEFAULT CELL_FLASH_CACHE DEFAULT)
  TABLESPACE "SYSTEM"  ENABLE;
  ALTER TABLE "ADMIN"."BANK_PRODUCT" MODIFY ("ID" NOT NULL ENABLE);
--------------------------------------------------------
--  Constraints for Table USER_ACCOUNT
--------------------------------------------------------

  ALTER TABLE "ADMIN"."USER_ACCOUNT" ADD PRIMARY KEY ("ID")
  USING INDEX PCTFREE 10 INITRANS 2 MAXTRANS 255 COMPUTE STATISTICS
  STORAGE(INITIAL 65536 NEXT 1048576 MINEXTENTS 1 MAXEXTENTS 2147483645
  PCTINCREASE 0 FREELISTS 1 FREELIST GROUPS 1 BUFFER_POOL DEFAULT FLASH_CACHE DEFAULT CELL_FLASH_CACHE DEFAULT)
  TABLESPACE "SYSTEM"  ENABLE;
  ALTER TABLE "ADMIN"."USER_ACCOUNT" MODIFY ("LOCKED" NOT NULL ENABLE);
  ALTER TABLE "ADMIN"."USER_ACCOUNT" MODIFY ("ENABLED" NOT NULL ENABLE);
  ALTER TABLE "ADMIN"."USER_ACCOUNT" MODIFY ("DELETED" NOT NULL ENABLE);
  ALTER TABLE "ADMIN"."USER_ACCOUNT" MODIFY ("ID" NOT NULL ENABLE);
--------------------------------------------------------
--  Constraints for Table USER_ROLE
--------------------------------------------------------

  ALTER TABLE "ADMIN"."USER_ROLE" ADD PRIMARY KEY ("ID")
  USING INDEX PCTFREE 10 INITRANS 2 MAXTRANS 255 COMPUTE STATISTICS
  STORAGE(INITIAL 65536 NEXT 1048576 MINEXTENTS 1 MAXEXTENTS 2147483645
  PCTINCREASE 0 FREELISTS 1 FREELIST GROUPS 1 BUFFER_POOL DEFAULT FLASH_CACHE DEFAULT CELL_FLASH_CACHE DEFAULT)
  TABLESPACE "SYSTEM"  ENABLE;
  ALTER TABLE "ADMIN"."USER_ROLE" MODIFY ("ID" NOT NULL ENABLE);
--------------------------------------------------------
--  Constraints for Table PROFILE
--------------------------------------------------------

  ALTER TABLE "ADMIN"."PROFILE" ADD PRIMARY KEY ("ID")
  USING INDEX PCTFREE 10 INITRANS 2 MAXTRANS 255 COMPUTE STATISTICS
  STORAGE(INITIAL 65536 NEXT 1048576 MINEXTENTS 1 MAXEXTENTS 2147483645
  PCTINCREASE 0 FREELISTS 1 FREELIST GROUPS 1 BUFFER_POOL DEFAULT FLASH_CACHE DEFAULT CELL_FLASH_CACHE DEFAULT)
  TABLESPACE "SYSTEM"  ENABLE;
  ALTER TABLE "ADMIN"."PROFILE" MODIFY ("ID" NOT NULL ENABLE);
--------------------------------------------------------
--  Constraints for Table ADDRESS
--------------------------------------------------------

  ALTER TABLE "ADMIN"."ADDRESS" ADD PRIMARY KEY ("ID")
  USING INDEX PCTFREE 10 INITRANS 2 MAXTRANS 255 COMPUTE STATISTICS
  STORAGE(INITIAL 65536 NEXT 1048576 MINEXTENTS 1 MAXEXTENTS 2147483645
  PCTINCREASE 0 FREELISTS 1 FREELIST GROUPS 1 BUFFER_POOL DEFAULT FLASH_CACHE DEFAULT CELL_FLASH_CACHE DEFAULT)
  TABLESPACE "SYSTEM"  ENABLE;
  ALTER TABLE "ADMIN"."ADDRESS" MODIFY ("ID" NOT NULL ENABLE);
--------------------------------------------------------
--  Constraints for Table BENEFICIAR_ACCOUNT
--------------------------------------------------------

  ALTER TABLE "ADMIN"."BENEFICIAR_ACCOUNT" ADD PRIMARY KEY ("ID")
  USING INDEX PCTFREE 10 INITRANS 2 MAXTRANS 255 COMPUTE STATISTICS
  STORAGE(INITIAL 65536 NEXT 1048576 MINEXTENTS 1 MAXEXTENTS 2147483645
  PCTINCREASE 0 FREELISTS 1 FREELIST GROUPS 1 BUFFER_POOL DEFAULT FLASH_CACHE DEFAULT CELL_FLASH_CACHE DEFAULT)
  TABLESPACE "SYSTEM"  ENABLE;
  ALTER TABLE "ADMIN"."BENEFICIAR_ACCOUNT" MODIFY ("RECEIVER_IS_ON_SAME_BANK" NOT NULL ENABLE);
  ALTER TABLE "ADMIN"."BENEFICIAR_ACCOUNT" MODIFY ("ID" NOT NULL ENABLE);
--------------------------------------------------------
--  Constraints for Table BRANCH
--------------------------------------------------------

  ALTER TABLE "ADMIN"."BRANCH" ADD PRIMARY KEY ("ID")
  USING INDEX PCTFREE 10 INITRANS 2 MAXTRANS 255 COMPUTE STATISTICS
  STORAGE(INITIAL 65536 NEXT 1048576 MINEXTENTS 1 MAXEXTENTS 2147483645
  PCTINCREASE 0 FREELISTS 1 FREELIST GROUPS 1 BUFFER_POOL DEFAULT FLASH_CACHE DEFAULT CELL_FLASH_CACHE DEFAULT)
  TABLESPACE "SYSTEM"  ENABLE;
  ALTER TABLE "ADMIN"."BRANCH" MODIFY ("ID" NOT NULL ENABLE);
--------------------------------------------------------
--  Ref Constraints for Table ACCOUNT
--------------------------------------------------------

  ALTER TABLE "ADMIN"."ACCOUNT" ADD CONSTRAINT "FKNNWPO0LFQ4XAI1RS6887SX02K" FOREIGN KEY ("CUSTOMER_ID")
	  REFERENCES "ADMIN"."CUSTOMER" ("ID") ENABLE;
--------------------------------------------------------
--  Ref Constraints for Table ACCOUNT_TRANSANCTION_HISTORY
--------------------------------------------------------

  ALTER TABLE "ADMIN"."ACCOUNT_TRANSANCTION_HISTORY" ADD CONSTRAINT "FK6I91OTREUK8XPBXJ5E322V6RJ" FOREIGN KEY ("ACCOUNT_ID")
	  REFERENCES "ADMIN"."ACCOUNT" ("ID") ENABLE;
--------------------------------------------------------
--  Ref Constraints for Table ADDRESS
--------------------------------------------------------

  ALTER TABLE "ADMIN"."ADDRESS" ADD CONSTRAINT "FK9CM2XYDHHKVRA3WPNH90YB3Y0" FOREIGN KEY ("PROFILE_ID")
	  REFERENCES "ADMIN"."PROFILE" ("ID") ENABLE;
--------------------------------------------------------
--  Ref Constraints for Table BENEFICIAR_ACCOUNT
--------------------------------------------------------

  ALTER TABLE "ADMIN"."BENEFICIAR_ACCOUNT" ADD CONSTRAINT "FKCDDDFQOCRQ8MLR2UPM5KUG3A3" FOREIGN KEY ("CUSTOMER_ID")
	  REFERENCES "ADMIN"."CUSTOMER" ("ID") ENABLE;
--------------------------------------------------------
--  Ref Constraints for Table CUSTOMER
--------------------------------------------------------

  ALTER TABLE "ADMIN"."CUSTOMER" ADD CONSTRAINT "FKMWGEBTIM34Y0Y7WPVAE9HR0Y5" FOREIGN KEY ("PROFILE_ID")
	  REFERENCES "ADMIN"."PROFILE" ("ID") ENABLE;
--------------------------------------------------------
--  Ref Constraints for Table USER_ACCOUNT
--------------------------------------------------------

  ALTER TABLE "ADMIN"."USER_ACCOUNT" ADD CONSTRAINT "FKEVL2224WECN5S99I15B54FNUI" FOREIGN KEY ("PROFILE_ID")
	  REFERENCES "ADMIN"."PROFILE" ("ID") ENABLE;
--------------------------------------------------------
--  Ref Constraints for Table USER_ROLE
--------------------------------------------------------

  ALTER TABLE "ADMIN"."USER_ROLE" ADD CONSTRAINT "FK7OJMV1M1VRXFL3KVT5BI5UR73" FOREIGN KEY ("USER_ID")
	  REFERENCES "ADMIN"."USER_ACCOUNT" ("ID") ENABLE;
